,date,known variable,unknown / resultant variable / return if LONG,What to DO (Buy or Sell or HOLD),,
,Jan-3-2017,-1.18%,0.18%,,,How can we generalize the behavior of the known variable to inform our opinion of what is likely to occur with the unknown / outcome variable?
,Jan-4-2017,0.18%,0.43%,,,
,Jan-6-2017,0.43%,0.76%,,,"I.e. the question we are asking is, what are two simple long AND short algorithms we could write that would capture the relationship between the two sets of data and give the correct buy or sell signal?"
,Jan-9-2017,0.76%,0.26%,,,
,Jan-10-2017,0.26%,0.19%,,,
,Jan-11-2017,0.19%,0.24%,,,
,Jan-12-2017,0.24%,0.20%,,,
,Jan-13-2017,0.20%,0.28%,,,
,Jan-17-2017,0.28%,0.01%,,,
,Jan-18-2017,0.01%,0.07%,,,
,Jan-19-2017,0.07%,-0.19%,,,
,Jan-20-2017,-0.19%,-0.21%,,,
,Jan-23-2017,-0.21%,0.15%,,,
,Jan-24-2017,0.15%,0.47%,,,
,Jan-25-2017,0.47%,0.38%,,,
,Jan-26-2017,0.38%,-0.05%,,,
,Jan-27-2017,-0.05%,-0.01%,,,
,Jan-30-2017,-0.01%,-0.42%,,,
,Jan-31-2017,-0.42%,0.16%,,,
,Feb-1-2017,0.16%,0.01%,,,
,Feb-2-2017,0.01%,0.08%,,,
,Feb-3-2017,0.08%,0.18%,,,
,Feb-6-2017,0.18%,0.32%,,,
,Feb-7-2017,0.32%,0.17%,,,
,Feb-8-2017,0.17%,0.33%,,,
,Feb-9-2017,0.33%,0.27%,,,
,Feb-10-2017,0.27%,0.13%,,,
,Feb-13-2017,0.13%,0.27%,,,
,Feb-14-2017,0.27%,0.30%,,,
,Feb-15-2017,0.30%,0.66%,,,
,Feb-16-2017,0.66%,-0.09%,,,
,Feb-17-2017,-0.09%,0.57%,,,
,Feb-21-2017,0.57%,0.33%,,,
,Feb-22-2017,0.33%,0.13%,,,
,Feb-23-2017,0.13%,-0.49%,,,
,Feb-24-2017,-0.49%,0.59%,,,
,Feb-27-2017,0.59%,0.32%,,,
,Feb-28-2017,0.32%,-0.30%,,,
,Mar-1-2017,-0.30%,0.50%,,,
,Mar-2-2017,0.50%,-0.49%,,,
,Mar-3-2017,-0.49%,0.29%,,,
,Mar-6-2017,0.29%,0.13%,,,
,Mar-7-2017,0.13%,0.05%,,,
,Mar-8-2017,0.05%,0.13%,,,
,Mar-9-2017,0.13%,0.10%,,,
,Mar-10-2017,0.10%,-0.03%,,,
,Mar-13-2017,-0.03%,0.19%,,,
,Mar-14-2017,0.19%,-0.03%,,,
,Mar-15-2017,-0.03%,0.40%,,,
,Mar-16-2017,0.40%,-0.23%,,,
,Mar-17-2017,-0.23%,-0.18%,,,
,Mar-20-2017,-0.18%,0.11%,,,
,Mar-21-2017,0.11%,-1.88%,,,
,Mar-22-2017,-1.88%,0.60%,,,
,Mar-23-2017,0.60%,-0.10%,,,
,Mar-24-2017,-0.10%,-0.11%,,,
,Mar-27-2017,-0.11%,0.87%,,,
,Mar-28-2017,0.87%,0.64%,,,
,Mar-29-2017,0.64%,0.39%,,,
,Mar-30-2017,0.39%,0.17%,,,
,Mar-31-2017,0.17%,0.07%,,,
,Apr-3-2017,0.07%,-0.16%,,,
,Apr-4-2017,-0.16%,0.45%,,,
,Apr-5-2017,0.45%,-0.53%,,,
,Apr-6-2017,-0.53%,-0.05%,,,
,Apr-7-2017,-0.05%,-0.02%,,,
,Apr-10-2017,-0.02%,-0.05%,,,
,Apr-11-2017,-0.05%,-0.27%,,,
,Apr-12-2017,-0.27%,-0.39%,,,
,Apr-13-2017,-0.39%,-0.28%,,,
,Apr-17-2017,-0.28%,0.52%,,,
,Apr-18-2017,0.52%,0.21%,,,
,Apr-19-2017,0.21%,-0.27%,,,
,Apr-20-2017,-0.27%,0.39%,,,
,Apr-21-2017,0.39%,-0.12%,,,
,Apr-24-2017,-0.12%,0.10%,,,
,Apr-25-2017,0.10%,0.40%,,,
,Apr-26-2017,0.40%,-0.18%,,,
,Apr-27-2017,-0.18%,0.33%,,,
,Apr-28-2017,0.33%,-0.23%,,,
,May-1-2017,-0.23%,0.52%,,,
,May-2-2017,0.52%,0.05%,,,
,May-3-2017,0.05%,-0.13%,,,
,May-4-2017,-0.13%,0.03%,,,
,May-5-2017,0.03%,0.11%,,,
,May-8-2017,0.11%,0.17%,,,
,May-9-2017,0.17%,0.22%,,,
,May-10-2017,0.22%,-0.01%,,,
,May-11-2017,-0.01%,0.20%,,,
,May-12-2017,0.20%,0.17%,,,
,May-15-2017,0.17%,0.30%,,,
,May-16-2017,0.30%,0.20%,,,
,May-17-2017,0.20%,-1.77%,,,
,May-18-2017,-1.77%,0.87%,,,
,May-19-2017,0.87%,0.10%,,,
,May-22-2017,0.10%,0.63%,,,
,May-23-2017,0.63%,-0.19%,,,
,May-24-2017,-0.19%,0.16%,,,
,May-25-2017,0.16%,0.47%,,,
,May-26-2017,0.47%,0.15%,,,
,May-30-2017,0.15%,0.14%,,,
,May-31-2017,0.14%,-0.38%,,,
,Jun-1-2017,-0.38%,0.21%,,,
,Jun-2-2017,0.21%,0.78%,,,
,Jun-5-2017,0.78%,-0.02%,,,
,Jun-6-2017,-0.02%,-0.29%,,,
,Jun-7-2017,-0.29%,0.13%,,,
,Jun-8-2017,0.13%,-0.11%,,,
,Jun-9-2017,-0.11%,-2.60%,,,
,Jun-12-2017,-2.60%,0.30%,,,
,Jun-13-2017,0.30%,0.24%,,,
,Jun-14-2017,0.24%,-0.80%,,,
,Jun-15-2017,-0.80%,0.54%,,,
,Jun-16-2017,0.54%,-0.36%,,,
,Jun-19-2017,-0.36%,0.72%,,,
,Jun-20-2017,0.72%,-0.68%,,,
,Jun-21-2017,-0.68%,0.77%,,,
,Jun-22-2017,0.77%,-0.18%,,,
,Jun-23-2017,-0.18%,0.50%,,,
,Jun-26-2017,0.50%,-1.00%,,,
,Jun-27-2017,-1.00%,-1.46%,,,
,Jun-28-2017,-1.46%,1.06%,,,
,Jun-29-2017,1.06%,-1.31%,,,
,Jun-30-2017,-1.31%,-0.38%,,,
,Jul-5-2017,-0.38%,0.69%,,,
,Jul-6-2017,0.69%,-0.12%,,,
,Jul-7-2017,-0.12%,0.72%,,,
,Jul-10-2017,0.72%,0.59%,,,
,Jul-11-2017,0.59%,0.43%,,,
,Jul-12-2017,0.43%,0.36%,,,
,Jul-13-2017,0.36%,0.15%,,,
,Jul-14-2017,0.15%,0.38%,,,
,Jul-17-2017,0.38%,-0.07%,,,
,Jul-18-2017,-0.07%,0.76%,,,
,Jul-19-2017,0.76%,0.31%,,,
,Jul-20-2017,0.31%,-0.10%,,,
,Jul-21-2017,-0.10%,0.36%,,,
,Jul-24-2017,0.36%,0.46%,,,
,Jul-25-2017,0.46%,0.07%,,,
,Jul-26-2017,0.07%,0.09%,,,
,Jul-27-2017,0.09%,-1.27%,,,
,Jul-28-2017,-1.27%,0.50%,,,
,Jul-31-2017,0.50%,-0.71%,,,
,Aug-1-2017,-0.71%,-0.13%,,,
,Aug-2-2017,-0.13%,-0.35%,,,
,Aug-3-2017,-0.35%,-0.51%,,,
,Aug-4-2017,-0.51%,-0.03%,,,
,Aug-7-2017,-0.03%,0.40%,,,
,Aug-8-2017,0.40%,0.03%,,,
,Aug-9-2017,0.03%,0.69%,,,
,Aug-10-2017,0.69%,-1.61%,,,
,Aug-11-2017,-1.61%,0.60%,,,
,Aug-14-2017,0.60%,0.51%,,,
,Aug-15-2017,0.51%,-0.12%,,,
,Aug-16-2017,-0.12%,-0.06%,,,
,Aug-17-2017,-0.06%,-1.69%,,,
,Aug-18-2017,-1.69%,-0.15%,,,
,Aug-21-2017,-0.15%,-0.11%,,,
,Aug-22-2017,-0.11%,0.99%,,,
,Aug-23-2017,0.99%,0.13%,,,
,Aug-24-2017,0.13%,-0.52%,,,
,Aug-25-2017,-0.52%,-0.57%,,,
,Aug-28-2017,-0.57%,-0.02%,,,
,Aug-29-2017,-0.02%,1.27%,,,
,Aug-30-2017,1.27%,1.08%,,,
,Aug-31-2017,1.08%,0.70%,,,
,Sep-1-2017,0.70%,-0.25%,,,
,Sep-5-2017,-0.25%,-0.59%,,,
,Sep-6-2017,-0.59%,0.04%,,,
,Sep-7-2017,0.04%,0.04%,,,
,Sep-8-2017,0.04%,-0.72%,,,
,Sep-11-2017,-0.72%,0.36%,,,
,Sep-12-2017,0.36%,-0.03%,,,
,Sep-13-2017,-0.03%,0.32%,,,
,Sep-14-2017,0.32%,-0.21%,,,
,Sep-15-2017,-0.21%,0.30%,,,
,Sep-18-2017,0.30%,-0.21%,,,
,Sep-19-2017,-0.21%,-0.01%,,,
,Sep-20-2017,-0.01%,-0.27%,,,
,Sep-21-2017,-0.27%,-0.55%,,,
,Sep-22-2017,-0.55%,0.24%,,,
,Sep-25-2017,0.24%,-0.65%,,,
,Sep-26-2017,-0.65%,-0.24%,,,
,Sep-27-2017,-0.24%,0.40%,,,
,Sep-28-2017,0.40%,0.19%,,,
,Sep-29-2017,0.19%,0.52%,,,
,Oct-2-2017,0.52%,-0.06%,,,
,Oct-3-2017,-0.06%,0.12%,,,
,Oct-4-2017,0.12%,0.30%,,,
,Oct-5-2017,0.30%,0.61%,,,
,Oct-6-2017,0.61%,0.44%,,,
,Oct-9-2017,0.44%,-0.26%,,,
,Oct-10-2017,-0.26%,-0.25%,,,
,Oct-11-2017,-0.25%,0.35%,,,
,Oct-12-2017,0.35%,-0.05%,,,
,Oct-13-2017,-0.05%,-0.03%,,,
,Oct-16-2017,-0.03%,0.10%,,,
,Oct-17-2017,0.10%,0.17%,,,
,Oct-18-2017,0.17%,-0.23%,,,
,Oct-19-2017,-0.23%,0.20%,,,
,Oct-20-2017,0.20%,-0.16%,,,
,Oct-23-2017,-0.16%,-0.85%,,,
,Oct-24-2017,-0.85%,0.02%,,,
,Oct-25-2017,0.02%,-0.20%,,,
,Oct-26-2017,-0.20%,-0.26%,,,
,Oct-27-2017,-0.26%,1.27%,,,
,Oct-30-2017,1.27%,0.33%,,,
,Oct-31-2017,0.33%,0.07%,,,
,Nov-1-2017,0.07%,-0.43%,,,
,Nov-2-2017,-0.43%,-0.07%,,,
,Nov-3-2017,-0.07%,0.56%,,,
,Nov-6-2017,0.56%,0.42%,,,
,Nov-7-2017,0.42%,0.14%,,,
,Nov-8-2017,0.14%,0.45%,,,
,Nov-9-2017,0.45%,0.27%,,,
,Nov-10-2017,0.27%,0.20%,,,
,Nov-13-2017,0.20%,0.48%,,,
,Nov-14-2017,0.48%,0.00%,,,
,Nov-15-2017,0.00%,-0.05%,,,
,Nov-16-2017,-0.05%,0.75%,,,
,Nov-17-2017,0.75%,-0.41%,,,
,Nov-20-2017,-0.41%,-0.17%,,,
,Nov-21-2017,-0.17%,0.63%,,,
,Nov-22-2017,0.63%,0.04%,,,
,Nov-27-2017,0.04%,-0.01%,,,
,Nov-28-2017,-0.01%,0.06%,,,
,Nov-29-2017,0.06%,-1.62%,,,
,Nov-30-2017,-1.62%,0.43%,,,
,Dec-1-2017,0.43%,0.21%,,,
,Dec-4-2017,0.21%,-1.76%,,,
,Dec-5-2017,-1.76%,0.09%,,,
,Dec-6-2017,0.09%,0.79%,,,
,Dec-7-2017,0.79%,0.36%,,,
,Dec-8-2017,0.36%,-0.25%,,,
,Dec-11-2017,-0.25%,0.74%,,,
,Dec-12-2017,0.74%,-0.08%,,,
,Dec-13-2017,-0.08%,-0.19%,,,
,Dec-14-2017,-0.19%,-0.26%,,,
,Dec-15-2017,-0.26%,0.72%,,,
,Dec-18-2017,0.72%,0.19%,,,
,Dec-19-2017,0.19%,-0.39%,,,
,Dec-20-2017,-0.39%,-0.44%,,,
,Dec-21-2017,-0.44%,-0.11%,,,
,Dec-22-2017,-0.11%,0.04%,,,
,Dec-26-2017,0.04%,0.01%,,,
,Dec-27-2017,0.01%,0.03%,,,
,Dec-28-2017,0.03%,-0.20%,,,
,Dec-29-2017,-0.20%,-0.72%,,,
,Jan-2-2018,-0.72%,1.27%,,,
,Jan-3-2018,1.27%,0.90%,,,
,Jan-4-2018,0.90%,-0.17%,,,
,Jan-5-2018,-0.17%,0.52%,,,
,Jan-8-2018,0.52%,0.37%,,,
,Jan-9-2018,0.37%,-0.17%,,,
,Jan-10-2018,-0.17%,0.23%,,,
,Jan-11-2018,0.23%,0.50%,,,
,Jan-12-2018,0.50%,0.88%,,,
,Jan-16-2018,0.88%,-0.93%,,,
,Jan-17-2018,-0.93%,0.61%,,,
,Jan-18-2018,0.61%,0.16%,,,
,Jan-19-2018,0.16%,0.01%,,,
,Jan-22-2018,0.01%,1.12%,,,
,Jan-23-2018,1.12%,0.50%,,,
,Jan-24-2018,0.50%,-0.79%,,,
,Jan-25-2018,-0.79%,-0.71%,,,
,Jan-26-2018,-0.71%,0.95%,,,
,Jan-29-2018,0.95%,-0.26%,,,
,Jan-30-2018,-0.26%,0.08%,,,
,Jan-31-2018,0.08%,-0.21%,,,
,Feb-1-2018,-0.21%,-0.09%,,,
,Feb-2-2018,-0.09%,-1.66%,,,
,Feb-5-2018,-1.66%,-3.07%,,,
,Feb-6-2018,-3.07%,4.05%,,,
,Feb-7-2018,4.05%,-0.98%,,,
,Feb-8-2018,-0.98%,-4.49%,,,
,Feb-9-2018,-4.49%,0.29%,,,
,Feb-12-2018,0.29%,0.82%,,,
,Feb-13-2018,0.82%,1.06%,,,
,Feb-14-2018,1.06%,2.44%,,,
,Feb-15-2018,2.44%,0.95%,,,
,Feb-16-2018,0.95%,-0.11%,,,
,Feb-20-2018,-0.11%,0.54%,,,
,Feb-21-2018,0.54%,-0.79%,,,
,Feb-22-2018,-0.79%,-0.42%,,,
,Feb-23-2018,-0.42%,1.24%,,,
,Feb-26-2018,1.24%,0.86%,,,
,Feb-27-2018,0.86%,-1.29%,,,
,Feb-28-2018,-1.29%,-1.24%,,,
,Mar-1-2018,-1.24%,-1.64%,,,
,Mar-2-2018,-1.64%,2.07%,,,
,Mar-5-2018,2.07%,1.52%,,,
,Mar-6-2018,1.52%,-0.06%,,,
,Mar-7-2018,-0.06%,0.99%,,,
,Mar-8-2018,0.99%,0.18%,,,
,Mar-9-2018,0.18%,1.17%,,,
,Mar-12-2018,1.17%,0.14%,,,
,Mar-13-2018,0.14%,-1.72%,,,
,Mar-14-2018,-1.72%,-0.52%,,,
,Mar-15-2018,-0.52%,-0.24%,,,
,Mar-16-2018,-0.24%,-0.40%,,,
,Mar-19-2018,-0.40%,-1.20%,,,
,Mar-20-2018,-1.20%,0.33%,,,
,Mar-21-2018,0.33%,-0.23%,,,
,Mar-22-2018,-0.23%,-1.24%,,,
,Mar-23-2018,-1.24%,-2.57%,,,
,Mar-26-2018,-2.57%,1.69%,,,
,Mar-27-2018,1.69%,-3.99%,,,
,Mar-28-2018,-3.99%,-0.59%,,,
,Mar-29-2018,-0.59%,1.28%,,,
,Apr-2-2018,1.28%,-2.11%,,,
,Apr-3-2018,-2.11%,0.22%,,,
,Apr-4-2018,0.22%,3.55%,,,
,Apr-5-2018,3.55%,-0.45%,,,
,Apr-6-2018,-0.45%,-1.42%,,,
,Apr-9-2018,-1.42%,-0.22%,,,
,Apr-10-2018,-0.22%,0.64%,,,
,Apr-11-2018,0.64%,0.05%,,,
,Apr-12-2018,0.05%,0.50%,,,
,Apr-13-2018,0.50%,-0.99%,,,
,Apr-16-2018,-0.99%,0.06%,,,
,Apr-17-2018,0.06%,1.11%,,,
,Apr-18-2018,1.11%,0.16%,,,
,Apr-19-2018,0.16%,-0.42%,,,
,Apr-20-2018,-0.42%,-1.28%,,,
,Apr-23-2018,-1.28%,-0.72%,,,
,Apr-24-2018,-0.72%,-2.52%,,,
,Apr-25-2018,-2.52%,-0.04%,,,
,Apr-26-2018,-0.04%,0.78%,,,
,Apr-27-2018,0.78%,-1.36%,,,
,Apr-30-2018,-1.36%,-0.98%,,,
,May-1-2018,-0.98%,1.34%,,,
,May-2-2018,1.34%,-0.79%,,,
,May-3-2018,-0.79%,0.43%,,,
,May-4-2018,0.43%,2.33%,,,
,May-7-2018,2.33%,0.33%,,,
,May-8-2018,0.33%,0.10%,,,
,May-9-2018,0.10%,0.91%,,,
,May-10-2018,0.91%,0.71%,,,
,May-11-2018,0.71%,0.07%,,,
,May-14-2018,0.07%,-0.06%,,,
,May-15-2018,-0.06%,-0.30%,,,
,May-16-2018,-0.30%,0.54%,,,
,May-17-2018,0.54%,-0.06%,,,
,May-18-2018,-0.06%,-0.16%,,,
,May-21-2018,-0.16%,-0.18%,,,
,May-22-2018,-0.18%,-0.57%,,,
,May-23-2018,-0.57%,1.62%,,,
,May-24-2018,1.62%,-0.04%,,,
,May-25-2018,-0.04%,0.12%,,,
,May-29-2018,0.12%,0.03%,,,
,May-30-2018,0.03%,0.32%,,,
,May-31-2018,0.32%,-0.06%,,,
,Jun-1-2018,-0.06%,1.09%,,,
,Jun-4-2018,1.09%,0.61%,,,
,Jun-5-2018,0.61%,0.09%,,,
,Jun-6-2018,0.09%,0.47%,,,
,Jun-7-2018,0.47%,-0.81%,,,
,Jun-8-2018,-0.81%,0.52%,,,
,Jun-11-2018,0.52%,0.34%,,,
,Jun-12-2018,0.34%,0.39%,,,
,Jun-13-2018,0.39%,-0.19%,,,
,Jun-14-2018,-0.19%,0.55%,,,
,Jun-15-2018,0.55%,0.02%,,,
,Jun-18-2018,0.02%,0.55%,,,
,Jun-19-2018,0.55%,0.96%,,,
,Jun-20-2018,0.96%,0.26%,,,
,Jun-21-2018,0.26%,-1.11%,,,
,Jun-22-2018,-1.11%,-0.66%,,,
,Jun-25-2018,-0.66%,-1.40%,,,
,Jun-26-2018,-1.40%,0.05%,,,
,Jun-27-2018,0.05%,-1.80%,,,
,Jun-28-2018,-1.80%,0.99%,,,
,Jun-29-2018,0.99%,-0.33%,,,
,Jul-2-2018,-0.33%,1.63%,,,
,Jul-5-2018,1.63%,0.59%,,,
,Jul-6-2018,0.59%,1.30%,,,
,Jul-9-2018,1.30%,0.39%,,,
,Jul-10-2018,0.39%,-0.03%,,,
,Jul-11-2018,-0.03%,0.26%,,,
,Jul-12-2018,0.26%,1.22%,,,
,Jul-13-2018,1.22%,0.10%,,,
,Jul-16-2018,0.10%,-0.26%,,,
,Jul-17-2018,-0.26%,1.69%,,,
,Jul-18-2018,1.69%,-0.21%,,,
,Jul-19-2018,-0.21%,-0.14%,,,
,Jul-20-2018,-0.14%,-0.32%,,,
,Jul-23-2018,-0.32%,0.60%,,,
,Jul-24-2018,0.60%,-0.60%,,,
,Jul-25-2018,-0.60%,1.36%,,,
,Jul-26-2018,1.36%,-0.11%,,,
,Jul-27-2018,-0.11%,-2.24%,,,
,Jul-30-2018,-2.24%,-1.41%,,,
,Jul-31-2018,-1.41%,0.22%,,,
,Aug-1-2018,0.22%,0.14%,,,
,Aug-2-2018,0.14%,2.08%,,,
,Aug-3-2018,2.08%,0.16%,,,
,Aug-6-2018,0.16%,0.67%,,,
,Aug-7-2018,0.67%,0.07%,,,
,Aug-8-2018,0.07%,0.20%,,,
,Aug-9-2018,0.20%,-0.05%,,,
,Aug-10-2018,-0.05%,-0.10%,,,
,Aug-13-2018,-0.10%,-0.26%,,,
,Aug-14-2018,-0.26%,0.25%,,,
,Aug-15-2018,0.25%,-0.44%,,,
,Aug-16-2018,-0.44%,-0.42%,,,
,Aug-17-2018,-0.42%,0.30%,,,
,Aug-20-2018,0.30%,-0.32%,,,
,Aug-21-2018,-0.32%,0.05%,,,
,Aug-22-2018,0.05%,0.60%,,,
,Aug-23-2018,0.60%,0.00%,,,
,Aug-24-2018,0.00%,0.60%,,,
,Aug-27-2018,0.60%,0.47%,,,
,Aug-28-2018,0.47%,-0.11%,,,
,Aug-29-2018,-0.11%,0.99%,,,
,Aug-30-2018,0.99%,-0.04%,,,
,Aug-31-2018,-0.04%,0.23%,,,
,Sep-4-2018,0.23%,-0.12%,,,
,Sep-5-2018,-0.12%,-1.13%,,,
,Sep-6-2018,-1.13%,-0.94%,,,
,Sep-7-2018,-0.94%,0.40%,,,
,Sep-10-2018,0.40%,-0.22%,,,
,Sep-11-2018,-0.22%,1.19%,,,
,Sep-12-2018,1.19%,-0.15%,,,
,Sep-13-2018,-0.15%,0.43%,,,
,Sep-14-2018,0.43%,-0.36%,,,
,Sep-18-2018,-0.36%,0.72%,,,
,Sep-19-2018,0.72%,-0.09%,,,
,Sep-20-2018,-0.09%,0.38%,,,
,Sep-21-2018,0.38%,-0.86%,,,
,Sep-24-2018,-0.86%,0.97%,,,
,Sep-25-2018,0.97%,0.19%,,,
,Sep-26-2018,0.19%,-0.02%,,,
,Sep-27-2018,-0.02%,0.42%,,,
,Sep-28-2018,0.42%,0.29%,,,
,Oct-1-2018,0.29%,-0.36%,,,
,Oct-2-2018,-0.36%,-0.11%,,,
,Oct-3-2018,-0.11%,-0.28%,,,
,Oct-4-2018,-0.28%,-1.50%,,,
,Oct-5-2018,-1.50%,-1.21%,,,
,Oct-8-2018,-1.21%,-0.14%,,,
,Oct-9-2018,-0.14%,0.22%,,,
,Oct-10-2018,0.22%,-3.83%,,,
,Oct-11-2018,-3.83%,-0.84%,,,
,Oct-12-2018,-0.84%,0.19%,,,
,Oct-15-2018,0.19%,-0.92%,,,
,Oct-16-2018,-0.92%,1.80%,,,
,Oct-17-2018,1.80%,-0.48%,,,
,Oct-18-2018,-0.48%,-1.85%,,,
,Oct-19-2018,-1.85%,-0.77%,,,
,Oct-22-2018,-0.77%,-0.06%,,,
,Oct-23-2018,-0.06%,1.52%,,,
,Oct-24-2018,1.52%,-4.49%,,,
,Oct-25-2018,-4.49%,1.76%,,,
,Oct-26-2018,1.76%,0.91%,,,
,Oct-29-2018,0.91%,-3.22%,,,
,Oct-30-2018,-3.22%,1.85%,,,
,Oct-31-2018,1.85%,0.66%,,,
,Nov-1-2018,0.66%,1.19%,,,
,Nov-2-2018,1.19%,-1.17%,,,
,Nov-5-2018,-1.17%,-0.38%,,,
,Nov-6-2018,-0.38%,0.79%,,,
,Nov-7-2018,0.79%,1.88%,,,
,Nov-8-2018,1.88%,-0.15%,,,
,Nov-9-2018,-0.15%,-0.75%,,,
,Nov-12-2018,-0.75%,-2.24%,,,
,Nov-13-2018,-2.24%,-0.39%,,,
,Nov-14-2018,-0.39%,-1.75%,,,
,Nov-15-2018,-1.75%,1.98%,,,
,Nov-16-2018,1.98%,0.62%,,,
,Nov-19-2018,0.62%,-2.81%,,,
,Nov-20-2018,-2.81%,0.55%,,,
,Nov-21-2018,0.55%,-0.55%,,,
,Nov-26-2018,-0.55%,0.93%,,,
,Nov-27-2018,0.93%,0.91%,,,
,Nov-28-2018,0.91%,2.45%,,,
,Nov-29-2018,2.45%,0.08%,,,
,Nov-30-2018,0.08%,0.63%,,,
,Dec-3-2018,0.63%,-0.47%,,,
,Dec-4-2018,-0.47%,-3.25%,,,
,Dec-6-2018,-3.25%,2.71%,,,
,Dec-7-2018,2.71%,-2.89%,,,
,Dec-10-2018,-2.89%,1.19%,,,
,Dec-11-2018,1.19%,-1.26%,,,
,Dec-12-2018,-1.26%,-0.61%,,,
,Dec-13-2018,-0.61%,-0.56%,,,
,Dec-14-2018,-0.56%,-1.40%,,,
,Dec-17-2018,-1.40%,-1.78%,,,
,Dec-18-2018,-1.78%,-0.14%,,,
,Dec-19-2018,-0.14%,-2.18%,,,
,Dec-20-2018,-2.18%,-1.10%,,,
,Dec-21-2018,-1.10%,-3.52%,,,
,Dec-26-2018,-3.52%,5.09%,,,
,Dec-27-2018,5.09%,1.70%,,,
,Dec-28-2018,1.70%,-0.62%,,,
,Dec-31-2018,-0.62%,-0.16%,,,
,Jan-2-2019,-0.16%,2.58%,,,
,Jan-3-2019,2.58%,-1.92%,,,
,Jan-4-2019,-1.92%,2.77%,,,
,Jan-7-2019,2.77%,0.95%,,,
,Jan-8-2019,0.95%,0.00%,,,
,Jan-9-2019,0.00%,0.39%,,,
,Jan-10-2019,0.39%,1.02%,,,
,Jan-11-2019,1.02%,0.27%,,,
,Jan-14-2019,0.27%,-0.02%,,,
,Jan-15-2019,-0.02%,1.56%,,,
,Jan-16-2019,1.56%,-0.15%,,,
,Jan-17-2019,-0.15%,1.10%,,,
,Jan-18-2019,1.10%,0.21%,,,
,Jan-22-2019,0.21%,-1.21%,,,
,Jan-23-2019,-1.21%,-0.36%,,,
,Jan-24-2019,-0.36%,0.33%,,,
,Jan-25-2019,0.33%,0.47%,,,
,Jan-28-2019,0.47%,0.04%,,,
,Jan-29-2019,0.04%,-1.04%,,,
,Jan-30-2019,-1.04%,1.48%,,,
,Jan-31-2019,1.48%,0.91%,,,
,Feb-1-2019,0.91%,0.04%,,,
,Feb-4-2019,0.04%,1.19%,,,
,Feb-5-2019,1.19%,0.75%,,,
,Feb-6-2019,0.75%,-0.33%,,,
,Feb-7-2019,-0.33%,-0.47%,,,
,Feb-8-2019,-0.47%,1.06%,,,
,Feb-11-2019,1.06%,-0.44%,,,
,Feb-12-2019,-0.44%,0.80%,,,
,Feb-13-2019,0.80%,-0.38%,,,
,Feb-14-2019,-0.38%,0.47%,,,
,Feb-15-2019,0.47%,-0.34%,,,
,Feb-19-2019,-0.34%,0.51%,,,
,Feb-20-2019,0.51%,-0.10%,,,
,Feb-21-2019,-0.10%,-0.10%,,,
,Feb-22-2019,-0.10%,0.53%,,,
,Feb-25-2019,0.53%,-0.40%,,,
,Feb-26-2019,-0.40%,0.39%,,,
,Feb-27-2019,0.39%,0.38%,,,
,Feb-28-2019,0.38%,0.08%,,,
,Mar-1-2019,0.08%,0.01%,,,
,Mar-4-2019,0.01%,-0.52%,,,
,Mar-5-2019,-0.52%,0.01%,,,
,Mar-6-2019,0.01%,-0.66%,,,
,Mar-7-2019,-0.66%,-0.96%,,,
,Mar-8-2019,-0.96%,0.97%,,,
,Mar-11-2019,0.97%,1.69%,,,
,Mar-12-2019,1.69%,0.30%,,,
,Mar-13-2019,0.30%,0.24%,,,
,Mar-14-2019,0.24%,-0.23%,,,
,Mar-15-2019,-0.23%,0.48%,,,
,Mar-18-2019,0.48%,0.26%,,,
,Mar-19-2019,0.26%,-0.07%,,,
,Mar-20-2019,-0.07%,0.41%,,,
,Mar-21-2019,0.41%,1.87%,,,
,Mar-22-2019,1.87%,-1.80%,,,
,Mar-25-2019,-1.80%,0.17%,,,
,Mar-26-2019,0.17%,-0.30%,,,
,Mar-27-2019,-0.30%,-0.71%,,,
,Mar-28-2019,-0.71%,-0.01%,,,
,Mar-29-2019,-0.01%,0.08%,,,
,Apr-1-2019,0.08%,0.39%,,,
,Apr-2-2019,0.39%,0.29%,,,
,Apr-3-2019,0.29%,0.02%,,,
,Apr-4-2019,0.02%,-0.05%,,,
,Apr-5-2019,-0.05%,0.20%,,,
,Apr-8-2019,0.20%,0.42%,,,
,Apr-9-2019,0.42%,-0.01%,,,
,Apr-10-2019,-0.01%,0.40%,,,
,Apr-11-2019,0.40%,-0.38%,,,
,Apr-12-2019,-0.38%,-0.01%,,,
,Apr-15-2019,-0.01%,0.04%,,,
,Apr-16-2019,0.04%,0.02%,,,
,Apr-17-2019,0.02%,-0.32%,,,
,Apr-18-2019,-0.32%,-0.06%,,,
,Apr-22-2019,-0.06%,0.77%,,,
,Apr-23-2019,0.77%,1.02%,,,
,Apr-24-2019,1.02%,-0.39%,,,
,Apr-25-2019,-0.39%,-0.39%,,,
,Apr-26-2019,-0.39%,0.24%,,,
,Apr-29-2019,0.24%,0.20%,,,
,Apr-30-2019,0.20%,0.04%,,,
,May-1-2019,0.04%,-1.01%,,,
,May-2-2019,-1.01%,-0.37%,,,
,May-3-2019,-0.37%,0.76%,,,
,May-6-2019,0.76%,1.54%,,,
,May-7-2019,1.54%,-0.85%,,,
,May-8-2019,-0.85%,-0.03%,,,
,May-9-2019,-0.03%,0.57%,,,
,May-10-2019,0.57%,0.52%,,,
,May-13-2019,0.52%,-0.97%,,,
,May-14-2019,-0.97%,0.55%,,,
,May-15-2019,0.55%,2.03%,,,
,May-16-2019,2.03%,0.98%,,,
,May-17-2019,0.98%,-0.03%,,,
,May-20-2019,-0.03%,-0.30%,,,
,May-21-2019,-0.30%,0.17%,,,
,May-22-2019,0.17%,0.13%,,,
,May-23-2019,0.13%,-0.41%,,,
,May-24-2019,-0.41%,-0.66%,,,
,May-28-2019,-0.66%,-0.65%,,,
,May-29-2019,-0.65%,-0.22%,,,
,May-30-2019,-0.22%,0.14%,,,
,May-31-2019,0.14%,-0.46%,,,
,Jun-3-2019,-0.46%,-1.91%,,,
,Jun-4-2019,-1.91%,1.70%,,,
,Jun-5-2019,1.70%,-0.20%,,,
,Jun-6-2019,-0.20%,0.61%,,,
,Jun-7-2019,0.61%,1.41%,,,
,Jun-10-2019,1.41%,0.49%,,,
,Jun-11-2019,0.49%,-0.92%,,,
,Jun-12-2019,-0.92%,-0.28%,,,
,Jun-13-2019,-0.28%,0.18%,,,
,Jun-14-2019,0.18%,0.10%,,,
,Jun-17-2019,0.10%,0.39%,,,
,Jun-18-2019,0.39%,0.30%,,,
,Jun-19-2019,0.30%,0.21%,,,
,Jun-20-2019,0.21%,-0.47%,,,
,Jun-21-2019,-0.47%,0.04%,,,
,Jun-24-2019,0.04%,-0.20%,,,
,Jun-25-2019,-0.20%,-1.66%,,,
,Jun-26-2019,-1.66%,-0.19%,,,
,Jun-27-2019,-0.19%,0.02%,,,
,Jun-28-2019,0.02%,-0.11%,,,
,Jul-1-2019,-0.11%,-0.56%,,,
,Jul-2-2019,-0.56%,0.52%,,,
,Jul-5-2019,0.52%,0.50%,,,
,Jul-8-2019,0.50%,-0.07%,,,
,Jul-9-2019,-0.07%,1.01%,,,
,Jul-10-2019,1.01%,0.40%,,,
,Jul-11-2019,0.40%,-0.25%,,,
,Jul-12-2019,-0.25%,0.46%,,,
,Jul-15-2019,0.46%,0.07%,,,
,Jul-16-2019,0.07%,-0.38%,,,
,Jul-17-2019,-0.38%,-0.52%,,,
,Jul-18-2019,-0.52%,0.64%,,,
,Jul-19-2019,0.64%,-1.51%,,,
,Jul-22-2019,-1.51%,0.55%,,,
,Jul-23-2019,0.55%,0.11%,,,
,Jul-24-2019,0.11%,1.08%,,,
,Jul-25-2019,1.08%,-0.63%,,,
,Jul-26-2019,-0.63%,0.38%,,,
,Jul-29-2019,0.38%,-0.27%,,,
,Jul-30-2019,-0.27%,0.33%,,,
,Jul-31-2019,0.33%,-1.61%,,,
,Aug-1-2019,-1.61%,-0.75%,,,
,Aug-2-2019,-0.75%,-0.41%,,,
,Aug-6-2019,-0.41%,0.47%,,,
,Aug-7-2019,0.47%,1.49%,,,
,Aug-8-2019,1.49%,1.69%,,,
,Aug-9-2019,1.69%,-0.45%,,,
,Aug-12-2019,-0.45%,-0.54%,,,
,Aug-13-2019,-0.54%,2.25%,,,
,Aug-14-2019,2.25%,-1.40%,,,
,Aug-15-2019,-1.40%,-0.29%,,,
,Aug-16-2019,-0.29%,0.73%,,,
,Aug-19-2019,0.73%,0.14%,,,
,Aug-20-2019,0.14%,-0.54%,,,
,Aug-21-2019,-0.54%,-0.01%,,,
,Aug-22-2019,-0.01%,-0.49%,,,
,Aug-23-2019,-0.49%,-2.47%,,,
,Aug-26-2019,-2.47%,0.36%,,,
,Aug-27-2019,0.36%,-0.82%,,,
,Aug-28-2019,-0.82%,0.69%,,,
,Aug-29-2019,0.69%,0.28%,,,
,Aug-30-2019,0.28%,-0.75%,,,
,Sep-3-2019,-0.75%,-0.32%,,,
,Sep-4-2019,-0.32%,0.50%,,,
,Sep-5-2019,0.50%,0.75%,,,
,Sep-6-2019,0.75%,-0.22%,,,
,Sep-9-2019,-0.22%,-0.54%,,,
,Sep-10-2019,-0.54%,0.29%,,,
,Sep-11-2019,0.29%,0.79%,,,
,Sep-12-2019,0.79%,-0.23%,,,
,Sep-16-2019,-0.23%,0.18%,,,
,Sep-17-2019,0.18%,0.44%,,,
,Sep-18-2019,0.44%,0.17%,,,
,Sep-19-2019,0.17%,-0.02%,,,
,Sep-20-2019,-0.02%,-1.18%,,,
,Sep-23-2019,-1.18%,0.05%,,,
,Sep-24-2019,0.05%,-1.83%,,,
,Sep-25-2019,-1.83%,1.21%,,,
,Sep-26-2019,1.21%,-0.26%,,,
,Sep-27-2019,-0.26%,-1.34%,,,
,Sep-30-2019,-1.34%,0.55%,,,
,Oct-1-2019,0.55%,-1.23%,,,
,Oct-2-2019,-1.23%,-1.09%,,,
,Oct-3-2019,-1.09%,1.12%,,,
,Oct-4-2019,1.12%,1.02%,,,
,Oct-7-2019,1.02%,-0.01%,,,
,Oct-8-2019,-0.01%,-0.91%,,,
,Oct-9-2019,-0.91%,0.20%,,,
,Oct-10-2019,0.20%,0.74%,,,
,Oct-11-2019,0.74%,0.12%,,,
,Oct-14-2019,0.12%,0.15%,,,
,Oct-15-2019,0.15%,0.98%,,,
,Oct-16-2019,0.98%,0.07%,,,
,Oct-17-2019,0.07%,-0.33%,,,
,Oct-18-2019,-0.33%,-0.85%,,,
,Oct-21-2019,-0.85%,0.40%,,,
,Oct-22-2019,0.40%,-1.13%,,,
,Oct-23-2019,-1.13%,0.41%,,,
,Oct-24-2019,0.41%,0.23%,,,
,Oct-25-2019,0.23%,1.31%,,,
,Oct-28-2019,1.31%,0.52%,,,
,Oct-29-2019,0.52%,-0.58%,,,
,Oct-30-2019,-0.58%,0.26%,,,
,Oct-31-2019,0.26%,-0.27%,,,
,Nov-1-2019,-0.27%,0.47%,,,
,Nov-4-2019,0.47%,-0.05%,,,
,Nov-5-2019,-0.05%,-0.11%,,,
,Nov-6-2019,-0.11%,-0.12%,,,
,Nov-7-2019,-0.12%,-0.16%,,,
,Nov-8-2019,-0.16%,0.61%,,,
,Nov-11-2019,0.61%,0.35%,,,
,Nov-12-2019,0.35%,0.19%,,,
,Nov-13-2019,0.19%,0.26%,,,
,Nov-14-2019,0.26%,0.29%,,,
,Nov-15-2019,0.29%,0.05%,,,
,Nov-18-2019,0.05%,0.23%,,,
,Nov-19-2019,0.23%,-0.24%,,,
,Nov-20-2019,-0.24%,-0.36%,,,
,Nov-21-2019,-0.36%,-0.13%,,,
,Nov-22-2019,-0.13%,-0.17%,,,
,Nov-25-2019,-0.17%,0.78%,,,
,Nov-26-2019,0.78%,0.14%,,,
,Nov-27-2019,0.14%,-0.23%,,,
,Dec-2-2019,-0.23%,-1.10%,,,
,Dec-3-2019,-1.10%,0.54%,,,
,Dec-4-2019,0.54%,-0.04%,,,
,Dec-5-2019,-0.04%,-0.18%,,,
,Dec-6-2019,-0.18%,0.34%,,,
,Dec-9-2019,0.34%,-0.29%,,,
,Dec-10-2019,-0.29%,-0.13%,,,
,Dec-11-2019,-0.13%,0.33%,,,
,Dec-12-2019,0.33%,0.88%,,,
,Dec-13-2019,0.88%,0.39%,,,
,Dec-16-2019,0.39%,0.32%,,,
,Dec-17-2019,0.32%,-0.10%,,,
,Dec-18-2019,-0.10%,-0.08%,,,
,Dec-19-2019,-0.08%,0.59%,,,
,Dec-20-2019,0.59%,-0.02%,,,
,Dec-23-2019,-0.02%,-0.02%,,,
,Dec-26-2019,-0.02%,0.72%,,,
,Dec-27-2019,0.72%,-0.44%,,,
,Dec-30-2019,-0.44%,-0.63%,,,
,Dec-31-2019,-0.63%,0.45%,,,
,Jan-2-2020,0.45%,0.83%,,,
,Jan-3-2020,0.83%,0.42%,,,
,Jan-6-2020,0.42%,1.44%,,,
,Jan-7-2020,1.44%,-0.06%,,,
,Jan-8-2020,-0.06%,0.76%,,,
,Jan-9-2020,0.76%,0.05%,,,
,Jan-10-2020,0.05%,-0.61%,,,
,Jan-13-2020,-0.61%,0.75%,,,
,Jan-14-2020,0.75%,-0.29%,,,
,Jan-15-2020,-0.29%,0.00%,,,
,Jan-16-2020,0.00%,0.47%,,,
,Jan-17-2020,0.47%,0.09%,,,
,Jan-21-2020,0.09%,0.27%,,,
,Jan-22-2020,0.27%,-0.24%,,,
,Jan-23-2020,-0.24%,0.37%,,,
,Jan-24-2020,0.37%,-1.30%,,,
,Jan-27-2020,-1.30%,0.15%,,,
,Jan-28-2020,0.15%,0.83%,,,
,Jan-29-2020,0.83%,-0.42%,,,
,Jan-30-2020,-0.42%,1.01%,,,
,Jan-31-2020,1.01%,-2.01%,,,
,Feb-3-2020,-2.01%,0.98%,,,
,Feb-4-2020,0.98%,0.90%,,,
,Feb-5-2020,0.90%,-0.86%,,,
,Feb-6-2020,-0.86%,0.61%,,,
,Feb-7-2020,0.61%,0.00%,,,
,Feb-10-2020,0.00%,1.55%,,,
,Feb-11-2020,1.55%,-0.53%,,,
,Feb-12-2020,-0.53%,0.41%,,,
,Feb-13-2020,0.41%,0.57%,,,
,Feb-14-2020,0.57%,0.12%,,,
,Feb-18-2020,0.12%,0.54%,,,
,Feb-19-2020,0.54%,0.40%,,,
,Feb-20-2020,0.40%,-0.73%,,,
,Feb-21-2020,-0.73%,-1.43%,,,
,Feb-24-2020,-1.43%,-0.21%,,,
,Feb-25-2020,-0.21%,-3.47%,,,
,Feb-26-2020,-3.47%,-0.11%,,,
,Feb-27-2020,-0.11%,-2.58%,,,
,Feb-28-2020,-2.58%,3.91%,,,
,Mar-2-2020,3.91%,3.65%,,,
,Mar-3-2020,3.65%,-3.46%,,,
,Mar-4-2020,-3.46%,2.29%,,,
,Mar-5-2020,2.29%,-0.52%,,,
,Mar-6-2020,-0.52%,1.67%,,,
,Mar-9-2020,1.67%,0.08%,,,
,Mar-10-2020,0.08%,1.56%,,,
,Mar-11-2020,1.56%,-2.00%,,,
,Mar-12-2020,-2.00%,-2.66%,,,
,Mar-13-2020,-2.66%,3.72%,,,
,Mar-16-2020,3.72%,-2.56%,,,
,Mar-17-2020,-2.56%,3.77%,,,
,Mar-18-2020,3.77%,2.80%,,,
,Mar-19-2020,2.80%,1.14%,,,
,Mar-20-2020,1.14%,-6.09%,,,
,Mar-23-2020,-6.09%,-0.20%,,,
,Mar-24-2020,-0.20%,2.16%,,,
,Mar-25-2020,2.16%,-1.24%,,,
,Mar-26-2020,-1.24%,4.54%,,,
,Mar-27-2020,4.54%,-1.09%,,,
,Mar-30-2020,-1.09%,2.68%,,,
,Mar-31-2020,2.68%,-0.59%,,,
,Apr-1-2020,-0.59%,-1.29%,,,
,Apr-2-2020,-1.29%,2.45%,,,
,Apr-3-2020,2.45%,-1.05%,,,
,Apr-6-2020,-1.05%,3.25%,,,
,Apr-7-2020,3.25%,-2.97%,,,
,Apr-8-2020,-2.97%,1.20%,,,
,Apr-9-2020,1.20%,-0.70%,,,
,Apr-13-2020,-0.70%,1.56%,,,
,Apr-14-2020,1.56%,2.26%,,,
,Apr-15-2020,2.26%,0.44%,,,
,Apr-16-2020,0.44%,0.76%,,,
,Apr-17-2020,0.76%,-0.35%,,,
,Apr-20-2020,-0.35%,-0.30%,,,
,Apr-21-2020,-0.30%,-2.79%,,,
,Apr-22-2020,-2.79%,0.92%,,,
,Apr-23-2020,0.92%,-0.58%,,,
,Apr-24-2020,-0.58%,1.48%,,,
,Apr-27-2020,1.48%,-0.38%,,,
,Apr-28-2020,-0.38%,-2.66%,,,
,Apr-29-2020,-2.66%,1.17%,,,
,Apr-30-2020,1.17%,-0.39%,,,
,May-1-2020,-0.39%,-0.88%,,,
,May-4-2020,-0.88%,1.72%,,,
,May-5-2020,1.72%,0.12%,,,
,May-6-2020,0.12%,-0.19%,,,
,May-7-2020,-0.19%,0.06%,,,
,May-8-2020,0.06%,0.55%,,,
,May-11-2020,0.55%,1.41%,,,
,May-12-2020,1.41%,-2.33%,,,
,May-13-2020,-2.33%,-1.44%,,,
,May-14-2020,-1.44%,1.71%,,,
,May-15-2020,1.71%,2.05%,,,
,May-18-2020,2.05%,0.54%,,,
,May-19-2020,0.54%,-0.41%,,,
,May-20-2020,-0.41%,0.82%,,,
,May-21-2020,0.82%,-1.12%,,,
,May-22-2020,-1.12%,0.51%,,,
,May-26-2020,0.51%,-1.78%,,,
,May-27-2020,-1.78%,0.78%,,,
,May-28-2020,0.78%,0.34%,,,
,May-29-2020,0.34%,1.06%,,,
,Jun-1-2020,1.06%,0.77%,,,
,Jun-2-2020,0.77%,0.53%,,,
,Jun-3-2020,0.53%,0.19%,,,
,Jun-4-2020,0.19%,-0.55%,,,
,Jun-5-2020,-0.55%,1.50%,,,
,Jun-8-2020,1.50%,0.89%,,,
,Jun-9-2020,0.89%,1.07%,,,
,Jun-10-2020,1.07%,0.49%,,,
,Jun-11-2020,0.49%,-3.36%,,,
,Jun-12-2020,-3.36%,-1.40%,,,
,Jun-15-2020,-1.40%,2.67%,,,
,Jun-16-2020,2.67%,-0.34%,,,
,Jun-17-2020,-0.34%,-0.33%,,,
,Jun-18-2020,-0.33%,0.41%,,,
,Jun-19-2020,0.41%,-1.07%,,,
,Jun-22-2020,-1.07%,1.23%,,,
,Jun-23-2020,1.23%,0.14%,,,
,Jun-24-2020,0.14%,-1.70%,,,
,Jun-25-2020,-1.70%,0.92%,,,
,Jun-26-2020,0.92%,-2.30%,,,
,Jun-29-2020,-2.30%,1.16%,,,
,Jun-30-2020,1.16%,1.87%,,,
,Jul-1-2020,1.87%,1.14%,,,
,Jul-2-2020,1.14%,-0.34%,,,
,Jul-6-2020,-0.34%,1.16%,,,
,Jul-7-2020,1.16%,-0.59%,,,
,Jul-8-2020,-0.59%,0.76%,,,
,Jul-9-2020,0.76%,0.06%,,,
,Jul-10-2020,0.06%,0.81%,,,
,Jul-13-2020,0.81%,-3.13%,,,
,Jul-14-2020,-3.13%,1.69%,,,
,Jul-15-2020,1.69%,-0.34%,,,
,Jul-16-2020,-0.34%,0.39%,,,
,Jul-17-2020,0.39%,-0.13%,,,
,Jul-20-2020,-0.13%,2.56%,,,
,Jul-21-2020,2.56%,-1.62%,,,
,Jul-22-2020,-1.62%,0.18%,,,
,Jul-23-2020,0.18%,-2.49%,,,
,Jul-24-2020,-2.49%,0.52%,,,
,Jul-27-2020,0.52%,1.08%,,,
,Jul-28-2020,1.08%,-1.01%,,,
,Jul-29-2020,-1.01%,0.58%,,,
,Jul-30-2020,0.58%,1.30%,,,
,Jul-31-2020,1.30%,0.01%,,,
,Aug-3-2020,0.01%,0.47%,,,
,Aug-4-2020,0.47%,0.62%,,,
,Aug-5-2020,0.62%,0.09%,,,
,Aug-6-2020,0.09%,1.41%,,,
,Aug-7-2020,1.41%,-0.94%,,,
,Aug-10-2020,-0.94%,-0.54%,,,
,Aug-11-2020,-0.54%,-1.44%,,,
,Aug-12-2020,-1.44%,1.71%,,,
,Aug-13-2020,1.71%,-0.05%,,,
,Aug-14-2020,-0.05%,-0.29%,,,
,Aug-17-2020,-0.29%,0.49%,,,
,Aug-18-2020,0.49%,0.56%,,,
,Aug-19-2020,0.56%,-0.65%,,,
,Aug-20-2020,-0.65%,1.67%,,,
,Aug-21-2020,1.67%,0.62%,,,
,Aug-24-2020,0.62%,-0.54%,,,
,Aug-25-2020,-0.54%,1.07%,,,
,Aug-26-2020,1.07%,1.66%,,,
,Aug-27-2020,1.66%,-0.70%,,,
,Aug-28-2020,-0.70%,0.08%,,,
,Aug-31-2020,0.08%,0.63%,,,
,Sep-1-2020,0.63%,0.77%,,,
,Sep-2-2020,0.77%,-0.17%,,,
,Sep-3-2020,-0.17%,-3.70%,,,
,Sep-4-2020,-3.70%,-0.80%,,,
,Sep-8-2020,-0.80%,-0.83%,,,
,Sep-9-2020,-0.83%,0.83%,,,
,Sep-10-2020,0.83%,-3.12%,,,
,Sep-11-2020,-3.12%,-1.42%,,,
,Sep-14-2020,-1.42%,0.30%,,,
,Sep-15-2020,0.30%,0.05%,,,
,Sep-16-2020,0.05%,-1.90%,,,
,Sep-17-2020,-1.90%,1.07%,,,
,Sep-18-2020,1.07%,-1.79%,,,
,Sep-21-2020,-1.79%,1.91%,,,
,Sep-22-2020,1.91%,0.87%,,,
,Sep-23-2020,0.87%,-2.97%,,,
,Sep-24-2020,-2.97%,1.46%,,,
,Sep-25-2020,1.46%,2.19%,,,
,Sep-28-2020,2.19%,0.16%,,,
,Sep-29-2020,0.16%,-0.31%,,,
,Sep-30-2020,-0.31%,0.72%,,,
,Oct-1-2020,0.72%,0.15%,,,
,Oct-2-2020,0.15%,-0.62%,,,
,Oct-5-2020,-0.62%,1.45%,,,
,Oct-6-2020,1.45%,-1.51%,,,
,Oct-7-2020,-1.51%,0.82%,,,
,Oct-8-2020,0.82%,-0.30%,,,
,Oct-9-2020,-0.30%,0.95%,,,
,Oct-12-2020,0.95%,1.36%,,,
,Oct-13-2020,1.36%,-0.63%,,,
,Oct-14-2020,-0.63%,-1.10%,,,
,Oct-15-2020,-1.10%,0.97%,,,
,Oct-16-2020,0.97%,-1.16%,,,
,Oct-19-2020,-1.16%,-2.35%,,,
,Oct-20-2020,-2.35%,-0.03%,,,
,Oct-21-2020,-0.03%,-0.17%,,,
,Oct-22-2020,-0.17%,-0.28%,,,
,Oct-23-2020,-0.28%,0.01%,,,
,Oct-26-2020,0.01%,-0.72%,,,
,Oct-27-2020,-0.72%,0.42%,,,
,Oct-28-2020,0.42%,-2.32%,,,
,Oct-29-2020,-2.32%,1.17%,,,
,Oct-30-2020,1.17%,-1.69%,,,
,Nov-2-2020,-1.69%,-0.61%,,,
,Nov-3-2020,-0.61%,1.03%,,,
,Nov-4-2020,1.03%,1.16%,,,
,Nov-5-2020,1.16%,0.29%,,,
,Nov-6-2020,0.29%,0.37%,,,
,Nov-9-2020,0.37%,-2.98%,,,
,Nov-10-2020,-2.98%,-0.63%,,,
,Nov-11-2020,-0.63%,1.37%,,,
,Nov-12-2020,1.37%,-0.78%,,,
,Nov-13-2020,-0.78%,0.37%,,,
,Nov-16-2020,0.37%,0.81%,,,
,Nov-17-2020,0.81%,-0.43%,,,
,Nov-18-2020,-0.43%,-0.56%,,,
,Nov-19-2020,-0.56%,0.95%,,,
,Nov-20-2020,0.95%,-0.68%,,,
,Nov-23-2020,-0.68%,-0.36%,,,
,Nov-24-2020,-0.36%,1.04%,,,
,Nov-25-2020,1.04%,0.26%,,,
,Nov-30-2020,0.26%,0.03%,,,
,Dec-1-2020,0.03%,0.59%,,,
,Dec-2-2020,0.59%,0.54%,,,
,Dec-3-2020,0.54%,0.04%,,,
,Dec-4-2020,0.04%,0.44%,,,
,Dec-7-2020,0.44%,0.51%,,,
,Dec-8-2020,0.51%,0.47%,,,
,Dec-9-2020,0.47%,-2.17%,,,
,Dec-10-2020,-2.17%,1.08%,,,
,Dec-11-2020,1.08%,0.37%,,,
,Dec-14-2020,0.37%,0.25%,,,
,Dec-15-2020,0.25%,0.29%,,,
,Dec-16-2020,0.29%,0.42%,,,
,Dec-17-2020,0.42%,0.13%,,,
,Dec-18-2020,0.13%,-0.58%,,,
,Dec-21-2020,-0.58%,0.82%,,,
,Dec-22-2020,0.82%,-0.04%,,,
,Dec-23-2020,-0.04%,0.35%,,,
,Dec-28-2020,0.35%,0.13%,,,
,Dec-29-2020,0.13%,-0.37%,,,
,Dec-30-2020,-0.37%,-0.40%,,,
,Dec-31-2020,-0.40%,0.23%,,,
,Jan-4-2021,0.23%,-1.87%,,,
,Jan-5-2021,-1.87%,1.13%,,,
,Jan-6-2021,1.13%,0.16%,,,
,Jan-7-2021,0.16%,1.53%,,,
,Jan-8-2021,1.53%,0.55%,,,
,Jan-11-2021,0.55%,-0.53%,,,
,Jan-12-2021,-0.53%,-0.14%,,,
,Jan-13-2021,-0.14%,0.58%,,,
,Jan-14-2021,0.58%,-0.70%,,,
,Jan-15-2021,-0.70%,-0.71%,,,
,Jan-19-2021,-0.71%,0.70%,,,
,Jan-20-2021,0.70%,1.12%,,,
,Jan-21-2021,1.12%,0.41%,,,
,Jan-22-2021,0.41%,0.05%,,,
,Jan-25-2021,0.05%,-0.17%,,,
,Jan-26-2021,-0.17%,-0.08%,,,
,Jan-27-2021,-0.08%,-1.99%,,,
,Jan-28-2021,-1.99%,0.22%,,,
,Jan-29-2021,0.22%,-1.50%,,,
,Feb-1-2021,-1.50%,1.36%,,,
,Feb-2-2021,1.36%,0.71%,,,
,Feb-3-2021,0.71%,-1.06%,,,
,Feb-4-2021,-1.06%,0.74%,,,
,Feb-5-2021,0.74%,0.05%,,,
,Feb-8-2021,0.05%,0.15%,,,
,Feb-9-2021,0.15%,0.26%,,,
,Feb-10-2021,0.26%,-0.68%,,,
,Feb-11-2021,-0.68%,0.07%,,,
,Feb-12-2021,0.07%,0.81%,,,
,Feb-16-2021,0.81%,-0.52%,,,
,Feb-17-2021,-0.52%,0.45%,,,
,Feb-18-2021,0.45%,0.68%,,,
,Feb-19-2021,0.68%,-0.84%,,,
,Feb-22-2021,-0.84%,-1.24%,,,
,Feb-23-2021,-1.24%,1.43%,,,
,Feb-24-2021,1.43%,1.67%,,,
,Feb-25-2021,1.67%,-2.68%,,,
,Feb-26-2021,-2.68%,-0.47%,,,
,Mar-1-2021,-0.47%,1.34%,,,
,Mar-2-2021,1.34%,-1.80%,,,
,Mar-3-2021,-1.80%,-2.56%,,,
,Mar-4-2021,-2.56%,-1.52%,,,
,Mar-5-2021,-1.52%,0.65%,,,
,Mar-8-2021,0.65%,-2.66%,,,
,Mar-9-2021,-2.66%,1.41%,,,
,Mar-10-2021,1.41%,-1.66%,,,
,Mar-11-2021,-1.66%,0.75%,,,
,Mar-12-2021,0.75%,0.52%,,,
,Mar-15-2021,0.52%,0.97%,,,
,Mar-16-2021,0.97%,-0.15%,,,
,Mar-17-2021,-0.15%,1.43%,,,
,Mar-18-2021,1.43%,-1.53%,,,
,Mar-19-2021,-1.53%,0.47%,,,
,Mar-22-2021,0.47%,1.10%,,,
,Mar-23-2021,1.10%,-0.85%,,,
,Mar-24-2021,-0.85%,-2.16%,,,
,Mar-25-2021,-2.16%,0.44%,,,
,Mar-26-2021,0.44%,1.58%,,,
,Mar-29-2021,1.58%,0.11%,,,
,Mar-30-2021,0.11%,0.17%,,,
,Mar-31-2021,0.17%,0.90%,,,
,Apr-1-2021,0.90%,0.46%,,,
,Apr-5-2021,0.46%,1.21%,,,
,Apr-6-2021,1.21%,0.01%,,,
,Apr-7-2021,0.01%,0.39%,,,
,Apr-8-2021,0.39%,0.17%,,,
,Apr-9-2021,0.17%,1.02%,,,
,Apr-12-2021,1.02%,0.19%,,,
,Apr-13-2021,0.19%,0.71%,,,
,Apr-14-2021,0.71%,-1.28%,,,
,Apr-15-2021,-1.28%,0.62%,,,
,Apr-16-2021,0.62%,-0.05%,,,
,Apr-19-2021,-0.05%,-0.45%,,,
,Apr-20-2021,-0.45%,-0.56%,,,
,Apr-21-2021,-0.56%,1.26%,,,
,Apr-22-2021,1.26%,-1.09%,,,
,Apr-23-2021,-1.09%,1.06%,,,
,Apr-26-2021,1.06%,0.58%,,,
,Apr-27-2021,0.58%,-0.54%,,,
,Apr-28-2021,-0.54%,-0.31%,,,
,Apr-29-2021,-0.31%,-0.63%,,,
,Apr-30-2021,-0.63%,0.06%,,,
,May-3-2021,0.06%,-0.92%,,,
,May-4-2021,-0.92%,-1.02%,,,
,May-5-2021,-1.02%,-0.99%,,,
,May-6-2021,-0.99%,0.84%,,,
,May-7-2021,0.84%,-0.07%,,,
,May-10-2021,-0.07%,-2.15%,,,
,May-11-2021,-2.15%,1.75%,,,
,May-12-2021,1.75%,-1.02%,,,
,May-13-2021,-1.02%,-0.18%,,,
,May-14-2021,-0.18%,1.15%,,,
,May-17-2021,1.15%,-0.05%,,,
,May-18-2021,-0.05%,-1.00%,,,
,May-19-2021,-1.00%,1.88%,,,
,May-20-2021,1.88%,1.46%,,,
,May-21-2021,1.46%,-1.07%,,,
,May-24-2021,-1.07%,0.96%,,,
,May-25-2021,0.96%,-0.34%,,,
,May-26-2021,-0.34%,0.12%,,,
,May-27-2021,0.12%,-0.23%,,,
,May-28-2021,-0.23%,-0.11%,,,
,Jun-1-2021,-0.11%,-0.74%,,,
,Jun-2-2021,-0.74%,0.05%,,,
,Jun-3-2021,0.05%,-0.21%,,,
,Jun-4-2021,-0.21%,1.14%,,,
,Jun-7-2021,1.14%,0.44%,,,
,Jun-8-2021,0.44%,-0.51%,,,
,Jun-9-2021,-0.51%,-0.40%,,,
,Jun-10-2021,-0.40%,0.93%,,,
,Jun-11-2021,0.93%,0.25%,,,
,Jun-14-2021,0.25%,0.82%,,,
,Jun-15-2021,0.82%,-0.57%,,,
,Jun-16-2021,-0.57%,-0.52%,,,
,Jun-17-2021,-0.52%,1.58%,,,
,Jun-18-2021,1.58%,-0.29%,,,
,Jun-21-2021,-0.29%,0.55%,,,
,Jun-22-2021,0.55%,0.98%,,,
,Jun-23-2021,0.98%,0.04%,,,
,Jun-24-2021,0.04%,0.03%,,,
,Jun-25-2021,0.03%,-0.29%,,,
,Jun-28-2021,-0.29%,0.83%,,,
,Jun-29-2021,0.83%,0.40%,,,
,Jun-30-2021,0.40%,-0.11%,,,
,Jul-1-2021,-0.11%,0.15%,,,
,Jul-2-2021,0.15%,0.59%,,,
,Jul-6-2021,0.59%,0.25%,,,
,Jul-7-2021,0.25%,-0.45%,,,
,Jul-8-2021,-0.45%,0.88%,,,
,Jul-9-2021,0.88%,0.79%,,,
,Jul-12-2021,0.79%,-0.01%,,,
,Jul-13-2021,-0.01%,0.09%,,,
,Jul-14-2021,0.09%,-0.50%,,,
,Jul-15-2021,-0.50%,-0.70%,,,
,Jul-16-2021,-0.70%,-1.05%,,,
,Jul-19-2021,-1.05%,0.17%,,,
,Jul-20-2021,0.17%,0.87%,,,
,Jul-21-2021,0.87%,0.87%,,,
,Jul-22-2021,0.87%,0.61%,,,
,Jul-23-2021,0.61%,0.76%,,,
,Jul-26-2021,0.76%,0.27%,,,
,Jul-27-2021,0.27%,-1.01%,,,
,Jul-28-2021,-1.01%,0.06%,,,
,Jul-29-2021,0.06%,0.34%,,,
,Jul-30-2021,0.34%,0.57%,,,
,Aug-2-2021,0.57%,-0.48%,,,
,Aug-3-2021,-0.48%,0.41%,,,
,Aug-4-2021,0.41%,0.16%,,,
,Aug-5-2021,0.16%,0.45%,,,
,Aug-6-2021,0.45%,-0.08%,,,
,Aug-9-2021,-0.08%,0.05%,,,
,Aug-10-2021,0.05%,-0.65%,,,
,Aug-11-2021,-0.65%,-0.52%,,,
,Aug-12-2021,-0.52%,0.52%,,,
,Aug-13-2021,0.52%,0.26%,,,
,Aug-16-2021,0.26%,0.35%,,,
,Aug-17-2021,0.35%,-0.12%,,,
,Aug-18-2021,-0.12%,-0.82%,,,
,Aug-19-2021,-0.82%,1.04%,,,
,Aug-20-2021,1.04%,0.74%,,,
,Aug-23-2021,0.74%,1.19%,,,
,Aug-24-2021,1.19%,0.15%,,,
,Aug-25-2021,0.15%,-0.02%,,,
,Aug-26-2021,-0.02%,-0.41%,,,
,Aug-27-2021,-0.41%,0.81%,,,
,Aug-30-2021,0.81%,0.92%,,,
,Aug-31-2021,0.92%,-0.16%,,,
,Sep-1-2021,-0.16%,-0.12%,,,
,Sep-2-2021,-0.12%,-0.41%,,,
,Sep-3-2021,-0.41%,0.62%,,,
,Sep-7-2021,0.62%,0.12%,,,
,Sep-8-2021,0.12%,-0.29%,,,
,Sep-9-2021,-0.29%,-0.42%,,,
,Sep-10-2021,-0.42%,-1.24%,,,
,Sep-13-2021,-1.24%,-0.69%,,,
,Sep-14-2021,-0.69%,-0.70%,,,
,Sep-15-2021,-0.70%,0.60%,,,
,Sep-16-2021,0.60%,0.43%,,,
,Sep-17-2021,0.43%,-1.05%,,,
,Sep-20-2021,-1.05%,-0.45%,,,
,Sep-21-2021,-0.45%,-0.41%,,,
,Sep-22-2021,-0.41%,0.67%,,,
,Sep-23-2021,0.67%,0.58%,,,
,Sep-24-2021,0.58%,0.72%,,,
,Sep-27-2021,0.72%,0.04%,,,
,Sep-28-2021,0.04%,-1.59%,,,
,Sep-29-2021,-1.59%,-0.51%,,,
,Sep-30-2021,-0.51%,-0.91%,,,
,Oct-1-2021,-0.91%,0.46%,,,
,Oct-4-2021,0.46%,-1.62%,,,
,Oct-5-2021,-1.62%,1.04%,,,
,Oct-6-2021,1.04%,1.58%,,,
,Oct-7-2021,1.58%,0.04%,,,
,Oct-8-2021,0.04%,-0.82%,,,
,Oct-11-2021,-0.82%,-0.33%,,,
,Oct-12-2021,-0.33%,-0.76%,,,
,Oct-13-2021,-0.76%,0.14%,,,
,Oct-14-2021,0.14%,0.80%,,,
,Oct-15-2021,0.80%,0.30%,,,
,Oct-18-2021,0.30%,1.37%,,,
,Oct-19-2021,1.37%,0.45%,,,
,Oct-20-2021,0.45%,-0.26%,,,
,Oct-21-2021,-0.26%,0.84%,,,
,Oct-22-2021,0.84%,-0.52%,,,
,Oct-25-2021,-0.52%,0.63%,,,
,Oct-26-2021,0.63%,-0.34%,,,
,Oct-27-2021,-0.34%,0.10%,,,
,Oct-28-2021,0.10%,0.59%,,,
,Oct-29-2021,0.59%,1.32%,,,
,Nov-1-2021,1.32%,0.23%,,,
,Nov-2-2021,0.23%,0.60%,,,
,Nov-3-2021,0.60%,0.95%,,,
,Nov-4-2021,0.95%,0.96%,,,
,Nov-5-2021,0.96%,-0.37%,,,
,Nov-8-2021,-0.37%,-0.13%,,,
,Nov-9-2021,-0.13%,-0.97%,,,
,Nov-10-2021,-0.97%,-0.76%,,,
,Nov-11-2021,-0.76%,-0.49%,,,
,Nov-12-2021,-0.49%,0.75%,,,
,Nov-15-2021,0.75%,-0.32%,,,
,Nov-16-2021,-0.32%,0.92%,,,
,Nov-17-2021,0.92%,-0.02%,,,
,Nov-18-2021,-0.02%,0.51%,,,
,Nov-19-2021,0.51%,0.13%,,,
,Nov-22-2021,0.13%,-1.54%,,,
,Nov-23-2021,-1.54%,-0.16%,,,
,Nov-24-2021,-0.16%,-1.24%,,,
,Nov-29-2021,-1.24%,0.95%,,,
,Nov-30-2021,0.95%,-1.28%,,,
,Dec-1-2021,-1.28%,-2.82%,,,
,Dec-2-2021,-2.82%,1.07%,,,
,Dec-3-2021,1.07%,-2.06%,,,
,Dec-6-2021,-2.06%,0.70%,,,
,Dec-7-2021,0.70%,1.26%,,,
,Dec-8-2021,1.26%,0.36%,,,
,Dec-9-2021,0.36%,-1.16%,,,
,Dec-10-2021,-1.16%,0.37%,,,
,Dec-13-2021,0.37%,-1.45%,,,
,Dec-14-2021,-1.45%,0.27%,,,
,Dec-15-2021,0.27%,2.34%,,,
,Dec-16-2021,2.34%,-2.81%,,,
,Dec-17-2021,-2.81%,0.42%,,,
,Dec-20-2021,0.42%,0.28%,,,
,Dec-21-2021,0.28%,1.34%,,,
,Dec-22-2021,1.34%,1.29%,,,
,Dec-23-2021,1.29%,0.67%,,,
,Dec-27-2021,0.67%,1.29%,,,
,Dec-28-2021,1.29%,-0.66%,,,
,Dec-29-2021,-0.66%,-0.04%,,,
,Dec-30-2021,-0.04%,-0.29%,,,
,Dec-31-2021,-0.29%,-0.53%,,,
,Jan-3-2022,-0.53%,0.68%,,,
,Jan-4-2022,0.68%,-1.43%,,,
,Jan-5-2022,-1.43%,-2.68%,,,
,Jan-6-2022,-2.68%,0.43%,,,
,Jan-7-2022,0.43%,-1.10%,,,
,Jan-10-2022,-1.10%,1.47%,,,
,Jan-11-2022,1.47%,1.73%,,,
,Jan-12-2022,1.73%,-0.27%,,,
,Jan-13-2022,-0.27%,-2.85%,,,
,Jan-14-2022,-2.85%,1.33%,,,
,Jan-18-2022,1.33%,-0.89%,,,
,Jan-19-2022,-0.89%,-1.49%,,,
,Jan-20-2022,-1.49%,-2.21%,,,
,Jan-21-2022,-2.21%,-2.23%,,,
,Jan-24-2022,-2.23%,2.23%,,,
,Jan-25-2022,2.23%,-0.48%,,,
,Jan-26-2022,-0.48%,-2.22%,,,
,Jan-27-2022,-2.22%,-2.40%,,,
,Jan-28-2022,-2.40%,2.60%,,,
,Jan-31-2022,2.60%,2.84%,,,
,Feb-1-2022,2.84%,0.29%,,,
,Feb-2-2022,0.29%,-0.34%,,,
,Feb-3-2022,-0.34%,-1.39%,,,
,Feb-4-2022,-1.39%,1.10%,,,
,Feb-7-2022,1.10%,-0.97%,,,
,Feb-8-2022,-0.97%,1.47%,,,
,Feb-9-2022,1.47%,0.84%,,,
,Feb-10-2022,0.84%,-0.30%,,,
,Feb-11-2022,-0.30%,-3.16%,,,
,Feb-14-2022,-3.16%,0.34%,,,
,Feb-15-2022,0.34%,0.94%,,,
,Feb-16-2022,0.94%,0.59%,,,
,Feb-17-2022,0.59%,-2.05%,,,
,Feb-18-2022,-2.05%,-1.39%,,,
,Feb-22-2022,-1.39%,-0.13%,,,
,Feb-23-2022,-0.13%,-3.49%,,,
,Feb-24-2022,-3.49%,6.83%,,,
,Feb-25-2022,6.83%,1.34%,,,
,Feb-28-2022,1.34%,1.37%,,,
,Mar-1-2022,1.37%,-1.22%,,,
,Mar-2-2022,-1.22%,1.20%,,,
,Mar-3-2022,1.20%,-2.19%,,,
,Mar-4-2022,-2.19%,-0.73%,,,
,Mar-7-2022,-0.73%,-3.69%,,,
,Mar-8-2022,-3.69%,-0.24%,,,
,Mar-9-2022,-0.24%,0.99%,,,
,Mar-10-2022,0.99%,0.18%,,,
,Mar-11-2022,0.18%,-2.99%,,,
,Mar-14-2022,-2.99%,-1.52%,,,
,Mar-15-2022,-1.52%,2.28%,,,
,Mar-16-2022,2.28%,2.47%,,,
,Mar-17-2022,2.47%,1.77%,,,
,Mar-18-2022,1.77%,2.55%,,,
,Mar-21-2022,2.55%,-0.02%,,,
,Mar-22-2022,-0.02%,1.82%,,,
,Mar-23-2022,1.82%,-0.61%,,,
,Mar-24-2022,-0.61%,1.67%,,,
,Mar-25-2022,1.67%,-0.06%,,,
,Mar-28-2022,-0.06%,1.58%,,,
,Mar-29-2022,1.58%,0.62%,,,
,Mar-30-2022,0.62%,-0.57%,,,
,Mar-31-2022,-0.57%,-1.42%,,,
,Apr-1-2022,-1.42%,-0.25%,,,
,Apr-4-2022,-0.25%,1.81%,,,
,Apr-5-2022,1.81%,-1.82%,,,
,Apr-6-2022,-1.82%,-0.70%,,,
,Apr-7-2022,-0.70%,0.54%,,,
,Apr-8-2022,0.54%,-0.92%,,,
,Apr-11-2022,-0.92%,-1.14%,,,
,Apr-12-2022,-1.14%,-1.80%,,,
,Apr-13-2022,-1.80%,1.93%,,,
,Apr-14-2022,1.93%,-2.32%,,,
,Apr-18-2022,-2.32%,0.48%,,,
,Apr-19-2022,0.48%,2.40%,,,
,Apr-20-2022,2.40%,-1.74%,,,
,Apr-21-2022,-1.74%,-3.17%,,,
,Apr-22-2022,-3.17%,-2.67%,,,
,Apr-25-2022,-2.67%,1.82%,,,
,Apr-26-2022,1.82%,-3.23%,,,
,Apr-27-2022,-3.23%,-0.16%,,,
,Apr-28-2022,-0.16%,1.89%,,,
,Apr-29-2022,1.89%,-3.23%,,,
,May-2-2022,-3.23%,1.80%,,,
,May-3-2022,1.80%,0.13%,,,
,May-4-2022,0.13%,3.26%,,,
,May-5-2022,3.26%,-3.63%,,,
,May-6-2022,-3.63%,-0.50%,,,
,May-9-2022,-0.50%,-2.06%,,,
,May-10-2022,-2.06%,-1.22%,,,
,May-11-2022,-1.22%,-2.23%,,,
,May-12-2022,-2.23%,1.32%,,,
,May-13-2022,1.32%,2.09%,,,
,May-16-2022,2.09%,-0.54%,,,
,May-17-2022,-0.54%,0.60%,,,
,May-18-2022,0.60%,-3.47%,,,
,May-19-2022,-3.47%,0.11%,,,
,May-20-2022,0.11%,-1.57%,,,
,May-23-2022,-1.57%,1.27%,,,
,May-24-2022,1.27%,-0.31%,,,
,May-25-2022,-0.31%,1.97%,,,
,May-26-2022,1.97%,3.04%,,,
,May-27-2022,3.04%,2.21%,,,
,May-31-2022,2.21%,-0.26%,,,
,Jun-1-2022,-0.26%,-1.45%,,,
,Jun-2-2022,-1.45%,3.14%,,,
,Jun-3-2022,3.14%,-0.95%,,,
,Jun-6-2022,-0.95%,-1.11%,,,
,Jun-7-2022,-1.11%,2.02%,,,
,Jun-8-2022,2.02%,-0.43%,,,
,Jun-9-2022,-0.43%,-2.17%,,,
,Jun-10-2022,-2.17%,-1.68%,,,
,Jun-13-2022,-1.68%,-1.53%,,,
,Jun-14-2022,-1.53%,-0.60%,,,
,Jun-15-2022,-0.60%,1.23%,,,
,Jun-16-2022,1.23%,-1.43%,,,
,Jun-17-2022,-1.43%,0.94%,,,
,Jun-21-2022,0.94%,0.88%,,,
,Jun-22-2022,0.88%,0.78%,,,
,Jun-23-2022,0.78%,0.60%,,,
,Jun-24-2022,0.60%,2.51%,,,
,Jun-27-2022,2.51%,-1.18%,,,
,Jun-28-2022,-1.18%,-3.25%,,,
,Jun-29-2022,-3.25%,0.17%,,,
,Jun-30-2022,0.17%,-0.18%,,,
,Jul-1-2022,-0.18%,1.14%,,,
,Jul-5-2022,1.14%,3.13%,,,
,Jul-6-2022,3.13%,0.49%,,,
,Jul-7-2022,0.49%,1.82%,,,
,Jul-8-2022,1.82%,1.13%,,,
,Jul-11-2022,1.13%,-1.32%,,,
,Jul-12-2022,-1.32%,-1.42%,,,
,Jul-13-2022,-1.42%,1.80%,,,
,Jul-14-2022,1.80%,1.31%,,,
,Jul-15-2022,1.31%,0.74%,,,
,Jul-18-2022,0.74%,-1.80%,,,
,Jul-19-2022,-1.80%,1.74%,,,
,Jul-20-2022,1.74%,1.44%,,,
,Jul-21-2022,1.44%,1.29%,,,
,Jul-22-2022,1.29%,-1.45%,,,
,Jul-25-2022,-1.45%,-0.55%,,,
,Jul-26-2022,-0.55%,-1.39%,,,
,Jul-27-2022,-1.39%,2.57%,,,
,Jul-28-2022,2.57%,1.03%,,,
,Jul-29-2022,1.03%,1.30%,,,
,Aug-1-2022,1.30%,0.50%,,,
,Aug-2-2022,0.50%,0.44%,,,
,Aug-3-2022,0.44%,2.15%,,,
,Aug-4-2022,2.15%,0.43%,,,
,Aug-5-2022,0.43%,0.81%,,,
,Aug-8-2022,0.81%,-0.62%,,,
,Aug-9-2022,-0.62%,-0.54%,,,
,Aug-10-2022,-0.54%,0.41%,,,
,Aug-11-2022,0.41%,-1.29%,,,
,Aug-12-2022,-1.29%,1.34%,,,
,Aug-15-2022,1.34%,1.12%,,,
,Aug-16-2022,1.12%,0.08%,,,
,Aug-17-2022,0.08%,-0.18%,,,
,Aug-18-2022,-0.18%,0.26%,,,
,Aug-19-2022,0.26%,-1.01%,,,
,Aug-22-2022,-1.01%,-1.27%,,,
,Aug-23-2022,-1.27%,0.00%,,,
,Aug-24-2022,0.00%,0.47%,,,
,Aug-25-2022,0.47%,1.16%,,,
,Aug-26-2022,1.16%,-4.02%,,,
,Aug-29-2022,-4.02%,-0.07%,,,
,Aug-30-2022,-0.07%,-1.67%,,,
,Aug-31-2022,-1.67%,-1.56%,,,
,Sep-1-2022,-1.56%,0.91%,,,
,Sep-2-2022,0.91%,-2.36%,,,
,Sep-6-2022,-2.36%,-0.88%,,,
,Sep-7-2022,-0.88%,1.84%,,,
,Sep-8-2022,1.84%,1.23%,,,
,Sep-9-2022,1.23%,1.39%,,,
,Sep-12-2022,1.39%,0.73%,,,
,Sep-13-2022,0.73%,-2.69%,,,
,Sep-14-2022,-2.69%,0.41%,,,
,Sep-15-2022,0.41%,-1.04%,,,
,Sep-16-2022,-1.04%,0.52%,,,
,Sep-19-2022,0.52%,1.73%,,,
,Sep-20-2022,1.73%,0.07%,,,
,Sep-21-2022,0.07%,-2.14%,,,
,Sep-22-2022,-2.14%,-0.69%,,,
,Sep-23-2022,-0.69%,-0.73%,,,
,Sep-26-2022,-0.73%,-0.30%,,,
,Sep-27-2022,-0.30%,-1.18%,,,
,Sep-28-2022,-1.18%,1.97%,,,
,Sep-29-2022,1.97%,-1.40%,,,
,Sep-30-2022,-1.40%,-1.42%,,,
,Oct-3-2022,-1.42%,1.67%,,,
,Oct-4-2022,1.67%,1.14%,,,
,Oct-5-2022,1.14%,1.32%,,,
,Oct-6-2022,1.32%,-0.42%,,,
,Oct-7-2022,-0.42%,-2.17%,,,
,Oct-10-2022,-2.17%,-1.17%,,,
,Oct-11-2022,-1.17%,-0.70%,,,
,Oct-12-2022,-0.70%,-0.25%,,,
,Oct-13-2022,-0.25%,5.31%,,,
,Oct-14-2022,5.31%,-3.88%,,,
,Oct-17-2022,-3.88%,1.01%,,,
,Oct-18-2022,1.01%,-1.76%,,,
,Oct-19-2022,-1.76%,0.24%,,,
,Oct-20-2022,0.24%,-0.21%,,,
,Oct-21-2022,-0.21%,2.79%,,,
,Oct-24-2022,2.79%,1.03%,,,
,Oct-25-2022,1.03%,1.74%,,,
,Oct-26-2022,1.74%,-0.20%,,,
,Oct-27-2022,-0.20%,-1.44%,,,
,Oct-28-2022,-1.44%,3.30%,,,
,Oct-31-2022,3.30%,-0.36%,,,
,Nov-1-2022,-0.36%,-2.29%,,,
,Nov-2-2022,-2.29%,-3.42%,,,
,Nov-3-2022,-3.42%,-0.95%,,,
,Nov-4-2022,-0.95%,-0.34%,,,
,Nov-7-2022,-0.34%,0.69%,,,
,Nov-8-2022,0.69%,0.16%,,,
,Nov-9-2022,0.16%,-1.68%,,,
,Nov-10-2022,-1.68%,2.42%,,,
,Nov-11-2022,2.42%,1.91%,,,
,Nov-14-2022,1.91%,-0.17%,,,
,Nov-15-2022,-0.17%,-0.95%,,,
,Nov-16-2022,-0.95%,-0.69%,,,
,Nov-17-2022,-0.69%,1.38%,,,
,Nov-18-2022,1.38%,-1.08%,,,
,Nov-21-2022,-1.08%,-0.55%,,,
,Nov-22-2022,-0.55%,1.16%,,,
,Nov-23-2022,1.16%,-0.09%,,,
,Nov-28-2022,-0.09%,-0.79%,,,
,Nov-29-2022,-0.79%,-0.85%,,,
,Nov-30-2022,-0.85%,4.48%,,,
,Dec-1-2022,4.48%,0.02%,,,
,Dec-2-2022,0.02%,1.41%,,,
,Dec-5-2022,1.41%,-0.98%,,,
,Dec-6-2022,-0.98%,-2.00%,,,
,Dec-7-2022,-2.00%,-0.01%,,,
,Dec-8-2022,-0.01%,0.70%,,,
,Dec-9-2022,0.70%,-0.25%,,,
,Dec-12-2022,-0.25%,1.21%,,,
,Dec-13-2022,1.21%,-2.67%,,,
,Dec-14-2022,-2.67%,-0.58%,,,
,Dec-15-2022,-0.58%,-1.92%,,,
,Dec-16-2022,-1.92%,-0.72%,,,
,Dec-19-2022,-0.72%,-1.48%,,,
,Dec-20-2022,-1.48%,0.38%,,,
,Dec-21-2022,0.38%,1.07%,,,
,Dec-22-2022,1.07%,-1.32%,,,
,Dec-23-2022,-1.32%,0.75%,,,
,Dec-27-2022,0.75%,-1.20%,,,
,Dec-28-2022,-1.20%,-1.18%,,,
,Dec-29-2022,-1.18%,1.35%,,,
,Dec-30-2022,1.35%,0.00%,,,